rule_count,rep,engine,concurrency,payload,records_used,avg_body_bytes,duration_s,completed,errors,rps,request_mib_s,p50_ms,p95_ms,p99_ms,p999_ms,min_ms,max_ms,mean_ms,tail_overflow,err_p50_ms,err_p99_ms,stall_seconds_total,wall_elapsed_s,driver_cpu_pct,driver_busiest_core_pct,driver_limited
2000,1,themis,256,small,4000,2624,15.0,1158126,0,77208.4,193.26,3.309,4.782,5.720,8.432,1.151,219.730,3.314,0,0.000,0.000,0.000,15.0,25.3,36.7,no
2000,1,aergia,256,small,4000,2624,15.0,876067,0,58404.5,146.20,4.244,6.446,7.558,11.031,1.097,227.997,4.382,0,0.000,0.000,0.000,15.0,22.2,30.0,no
2000,2,aergia,256,small,4000,2624,15.0,876141,0,58409.4,146.21,4.244,6.446,7.558,9.693,1.098,216.927,4.382,0,0.000,0.000,0.000,15.0,22.1,30.1,no
2000,2,themis,256,small,4000,2624,15.0,1144216,2,76281.1,190.94,3.309,4.878,5.952,9.314,1.197,226.779,3.348,0,3871.990,3892.144,7.783,15.0,24.9,36.6,no
2000,3,themis,256,small,4000,2624,15.0,1138217,19,75881.1,189.94,3.309,4.830,5.835,9.131,1.151,225.966,3.321,0,3049.448,3110.742,58.337,15.0,24.8,38.9,no
2000,3,aergia,256,small,4000,2624,15.0,874927,1,58328.5,146.01,4.244,6.510,7.558,9.408,1.139,234.145,4.383,0,3575.569,3575.569,3.576,15.0,22.4,30.0,no
2000,4,aergia,256,small,4000,2624,15.0,879447,0,58629.8,146.76,4.244,6.446,7.483,9.502,1.029,228.903,4.364,0,0.000,0.000,0.000,15.0,22.1,29.3,no
2000,4,themis,256,small,4000,2624,15.0,1147360,0,76490.7,191.47,3.309,4.878,5.893,8.775,1.184,220.822,3.345,0,0.000,0.000,0.000,15.0,24.8,36.9,no
2000,5,themis,256,small,4000,2624,15.0,1142732,0,76182.1,190.69,3.342,4.878,5.893,9.314,1.123,222.521,3.358,0,0.000,0.000,0.000,15.0,24.5,36.7,no
2000,5,aergia,256,small,4000,2624,15.0,881826,0,58788.4,147.15,4.202,6.446,7.558,10.814,1.039,222.762,4.353,0,0.000,0.000,0.000,15.0,22.4,30.2,no
4000,1,themis,256,small,4000,2611,15.0,1158973,1,77264.9,192.47,3.309,4.782,5.663,8.517,1.086,233.288,3.311,0,3105.894,3105.894,3.106,17.1,21.3,31.8,no
4000,1,aergia,256,small,4000,2611,15.0,861575,2,57438.3,143.08,4.329,6.575,7.710,9.408,1.118,240.599,4.450,0,3989.316,3989.316,7.983,16.5,20.3,27.6,no
4000,2,aergia,256,small,4000,2611,15.0,864136,0,57609.1,143.50,4.329,6.575,7.634,10.392,1.118,228.924,4.442,0,0.000,0.000,0.000,15.0,21.4,28.8,no
4000,2,themis,256,small,4000,2611,15.0,1154188,0,76945.9,191.67,3.309,4.830,5.835,8.775,1.074,229.851,3.326,0,0.000,0.000,0.000,15.0,24.9,35.8,no
4000,3,themis,256,small,4000,2611,15.0,1160534,0,77368.9,192.72,3.309,4.782,5.720,8.432,1.101,230.407,3.307,0,0.000,0.000,0.000,15.0,24.7,38.8,no
4000,3,aergia,256,small,4000,2611,15.0,863666,0,57577.7,143.42,4.329,6.575,7.634,9.888,0.962,216.633,4.444,0,0.000,0.000,0.000,15.0,21.4,29.2,no
4000,4,aergia,256,small,4000,2611,15.0,866631,0,57775.4,143.92,4.286,6.575,7.634,9.693,1.068,221.896,4.429,0,0.000,0.000,0.000,15.0,21.7,29.9,no
4000,4,themis,256,small,4000,2611,15.0,1155367,0,77024.5,191.86,3.309,4.830,5.835,8.862,1.114,233.039,3.322,0,0.000,0.000,0.000,15.0,25.2,37.5,no
4000,5,themis,256,small,4000,2611,15.0,1158099,1,77206.6,192.32,3.309,4.782,5.777,9.222,1.122,231.044,3.311,0,3975.269,3975.269,3.975,15.0,25.5,36.5,no
4000,5,aergia,256,small,4000,2611,15.0,873960,0,58264.0,145.13,4.244,6.510,7.634,9.888,1.115,230.655,4.393,0,0.000,0.000,0.000,15.0,22.1,29.1,no
6000,1,themis,256,small,4000,2614,15.0,1154732,5,76982.1,191.96,3.276,4.782,5.777,8.602,1.162,232.901,3.308,0,3684.066,3758.116,18.429,15.0,24.7,35.0,no
6000,1,aergia,256,small,4000,2614,15.0,848322,0,56554.8,141.02,4.416,6.641,7.787,9.790,1.091,220.471,4.524,0,0.000,0.000,0.000,15.0,21.2,28.9,no
6000,2,aergia,256,small,4000,2614,15.0,854092,0,56939.5,141.98,4.372,6.641,7.787,9.408,1.105,227.885,4.494,0,0.000,0.000,0.000,15.0,21.4,28.5,no
6000,2,themis,256,small,4000,2614,15.0,1146022,2,76401.5,190.52,3.309,4.878,6.012,9.408,1.164,228.604,3.345,0,3302.116,3302.116,6.623,16.4,23.2,35.1,no
6000,3,themis,256,small,4000,2614,15.0,1156396,0,77093.1,192.24,3.309,4.782,5.720,9.314,1.158,228.158,3.319,0,0.000,0.000,0.000,15.0,25.1,35.9,no
6000,3,aergia,256,small,4000,2614,15.0,850715,3,56714.3,141.42,4.372,6.641,7.787,9.693,1.059,235.085,4.503,0,2652.907,2652.907,7.960,15.0,21.4,28.8,no
6000,4,aergia,256,small,4000,2614,15.0,854720,0,56981.3,142.09,4.329,6.641,7.787,9.502,1.067,221.360,4.491,0,0.000,0.000,0.000,15.0,21.5,28.4,no
6000,4,themis,256,small,4000,2614,15.0,1147666,7,76511.1,190.79,3.309,4.830,5.835,9.041,1.147,227.147,3.321,0,3791.221,3791.221,26.514,15.0,24.8,35.8,no
6000,5,themis,256,small,4000,2614,15.0,1157081,6,77138.7,192.35,3.276,4.782,5.777,9.986,1.144,231.666,3.302,0,2953.347,2953.347,17.708,15.0,24.5,36.5,no
6000,5,aergia,256,small,4000,2614,15.0,836861,18,55790.7,139.12,4.460,6.575,7.787,9.408,1.143,232.338,4.527,0,2760.626,2760.626,49.761,15.0,21.1,29.2,no
8000,1,themis,256,small,4000,2580,15.0,1162629,0,77508.6,190.72,3.276,4.782,5.777,9.222,1.189,223.476,3.301,0,0.000,0.000,0.000,15.0,25.4,38.7,no
8000,1,aergia,256,small,4000,2580,15.0,850748,0,56716.5,139.56,4.372,6.707,7.944,10.707,1.158,234.962,4.511,0,0.000,0.000,0.000,15.0,21.4,29.0,no
8000,2,aergia,256,small,4000,2580,15.0,840242,0,56016.1,137.84,4.460,6.774,7.944,9.986,1.086,234.858,4.569,0,0.000,0.000,0.000,15.0,21.1,28.1,no
8000,2,themis,256,small,4000,2580,15.0,1161121,0,77408.1,190.48,3.276,4.830,5.777,8.517,1.183,221.300,3.306,0,0.000,0.000,0.000,15.0,24.9,37.0,no
8000,3,themis,256,small,4000,2580,15.0,1162409,0,77493.9,190.69,3.276,4.830,5.777,10.086,1.139,223.267,3.302,0,0.000,0.000,0.000,15.0,24.9,36.4,no
8000,3,aergia,256,small,4000,2580,15.0,835762,4,55717.5,137.10,4.460,6.774,8.023,10.086,1.140,231.565,4.577,0,3172.596,3172.596,12.681,15.0,20.9,28.8,no
8000,4,aergia,256,small,4000,2580,15.0,832008,0,55467.2,136.49,4.505,6.774,7.944,10.601,1.159,213.466,4.613,0,0.000,0.000,0.000,15.0,21.0,28.2,no
8000,4,themis,256,small,4000,2580,15.0,1162264,0,77484.3,190.67,3.276,4.830,5.893,8.432,1.117,223.025,3.302,0,0.000,0.000,0.000,15.0,23.9,36.9,no
8000,5,themis,256,small,4000,2580,15.0,1157348,0,77156.5,189.86,3.276,4.830,5.893,9.131,1.131,227.797,3.316,0,0.000,0.000,0.000,15.0,25.8,37.9,no
8000,5,aergia,256,small,4000,2580,15.0,837975,0,55865.0,137.47,4.460,6.774,7.944,9.986,1.069,224.709,4.581,0,0.000,0.000,0.000,15.0,21.0,28.6,no
